embedding_name,embedding_model,collection,evaluated_questions,hit_at_1,hit_at_3,hit_at_5,hit_at_10,avg_mrr,avg_expected_source_hit_rate,avg_retrieval_time_seconds,embedding_decision_score
nomic,nomic-embed-text,maintenance_records_nomic,75,0.14666666666666667,0.37333333333333335,0.4266666666666667,0.5866666666666667,0.2808888888888889,0.4622222222222222,2.1461333333333332,0.411
bge_m3,bge-m3,maintenance_records_bge_m3,75,0.16,0.30666666666666664,0.4666666666666667,0.56,0.27514285714285713,0.41333333333333333,2.31256338028169,0.3973
e5_large,intfloat/multilingual-e5-large,maintenance_records_e5_large,75,0.12,0.25333333333333335,0.4266666666666667,0.4666666666666667,0.2199047619047619,0.3466666666666667,0.19952,0.343
minilm,sentence-transformers/all-MiniLM-L6-v2,maintenance_records_minilm,75,0.12,0.18666666666666668,0.26666666666666666,0.38666666666666666,0.18421693121693122,0.31333333333333335,0.07774666666666666,0.256
