model,completed_answers,avg_total_latency,avg_retrieval_time,avg_generation_time,avg_tokens_per_second,avg_keyword_score,avg_source_score,avg_overall_auto_score,total_must_not_include_violations,not_enough_rate
gemma3:4b,40,17.7422,3.32515,14.416675000000001,33.561625,0.7871,0.279175,0.67505,0,0.125
phi4-mini:3.8b,40,15.679575,3.32515,12.354000000000001,67.263025,0.6425,0.2625,0.578875,0,0.45
qwen3:1.7b,40,16.36575,3.32515,13.04025,93.78094999999999,0.8437749999999999,0.39165,0.7346250000000001,0,0.15
qwen3:4b,40,48.57405,3.32515,45.247550000000004,48.108525,0.6866749999999999,0.358325,0.6576,0,0.175
qwen3:8b,40,73.756075,3.32515,70.43045,9.600975,0.8833249999999999,0.383325,0.74,1,0.15
